epoch,time,train/box_loss,train/cls_loss,train/dfl_loss,metrics/precision(B),metrics/recall(B),metrics/mAP50(B),metrics/mAP50-95(B),val/box_loss,val/cls_loss,val/dfl_loss,lr/pg0,lr/pg1,lr/pg2
1,1.61916,2.05728,3.66312,2.52067,0.02183,0.39222,0.01697,0.00525,1.62225,3.33191,2.44038,8e-05,8e-05,8e-05
2,3.44504,1.76671,3.42384,2.30121,0.48892,0.5479,0.48894,0.24408,1.1218,2.50246,1.87909,0.000179109,0.000179109,0.000179109
3,5.81394,1.06268,2.39859,1.71534,0.71245,0.65569,0.76901,0.52072,0.9587,1.49345,1.51076,0.000277228,0.000277228,0.000277228
4,8.12723,0.85919,1.46484,1.50639,0.91202,0.96108,0.95843,0.69795,0.84679,0.99291,1.45728,0.000374357,0.000374357,0.000374357
5,10.2092,0.78415,1.12079,1.43702,0.96484,0.98204,0.98989,0.79633,0.74783,0.81737,1.4684,0.000470496,0.000470496,0.000470496
6,12.1816,0.71676,1.01153,1.50433,0.97625,0.98469,0.99281,0.81665,0.71365,0.74395,1.55383,0.000565645,0.000565645,0.000565645
7,14.0751,0.72602,0.90909,1.43147,0.99122,0.99401,0.99497,0.80093,0.7129,0.66177,1.38529,0.000659804,0.000659804,0.000659804
8,15.7477,0.71678,0.87963,1.48585,0.98235,0.98802,0.9944,0.82076,0.70397,0.67482,1.39587,0.000752973,0.000752973,0.000752973
9,17.4159,0.65194,0.81883,1.4278,0.97401,0.97605,0.99369,0.83132,0.69121,0.63472,1.37494,0.000845152,0.000845152,0.000845152
10,18.9631,0.62255,0.78451,1.36772,0.99402,0.99486,0.99494,0.8412,0.60851,0.64394,1.4613,0.000936341,0.000936341,0.000936341
11,20.4875,0.61478,0.71977,1.36991,0.9962,0.99701,0.995,0.84793,0.62634,0.54878,1.38061,0.00102654,0.00102654,0.00102654
12,22.0141,0.61414,0.71526,1.35924,0.99559,1,0.99464,0.86542,0.58199,0.5027,1.37175,0.00111575,0.00111575,0.00111575
13,23.5026,0.59617,0.67549,1.32159,0.98763,1,0.99375,0.86359,0.57923,0.53939,1.44547,0.00120397,0.00120397,0.00120397
14,24.8432,0.55995,0.60423,1.26281,0.98763,1,0.99375,0.86359,0.57923,0.53939,1.44547,0.0012912,0.0012912,0.0012912
15,26.1768,0.60264,0.6274,1.43613,0.98416,1,0.99473,0.852,0.61655,0.65222,1.92708,0.00137744,0.00137744,0.00137744
16,27.5098,0.61555,0.60329,1.48436,0.98253,0.99701,0.99433,0.85146,0.63523,0.66034,1.5549,0.00146269,0.00146269,0.00146269
17,28.8466,0.63554,0.61043,1.34883,0.97048,0.99102,0.99251,0.84791,0.68751,0.62914,1.39814,0.00154694,0.00154694,0.00154694
18,30.1961,0.66094,0.62801,1.43917,0.97048,0.99102,0.99251,0.84791,0.68751,0.62914,1.39814,0.00163021,0.00163021,0.00163021
19,31.536,0.60489,0.58899,1.38582,0.97197,0.99102,0.99084,0.85656,0.63951,0.61657,1.39582,0.00171249,0.00171249,0.00171249
20,32.8908,0.58321,0.5824,1.37627,0.98873,1,0.99449,0.86613,0.56656,0.59429,1.49586,0.00179378,0.00179378,0.00179378
21,34.3635,0.61312,0.56156,1.28077,0.98873,1,0.99449,0.86613,0.56656,0.59429,1.49586,0.001802,0.001802,0.001802
22,35.8421,0.5854,0.54348,1.33744,0.99205,1,0.99497,0.87487,0.57429,0.55406,1.5843,0.0017921,0.0017921,0.0017921
23,37.2895,0.60192,0.53454,1.36436,1,0.99868,0.995,0.87499,0.5794,0.48769,1.42982,0.0017822,0.0017822,0.0017822
24,38.7661,0.65248,0.56759,1.24736,1,0.99868,0.995,0.87499,0.5794,0.48769,1.42982,0.0017723,0.0017723,0.0017723
25,40.24,0.61807,0.52363,1.28323,0.99622,1,0.995,0.88167,0.55619,0.471,1.45799,0.0017624,0.0017624,0.0017624
26,41.6951,0.5748,0.50972,1.29611,0.99622,1,0.995,0.88167,0.55619,0.471,1.45799,0.0017525,0.0017525,0.0017525
27,43.1513,0.60435,0.49989,1.31492,0.9991,1,0.995,0.86615,0.57321,0.44147,1.52303,0.0017426,0.0017426,0.0017426
28,44.4565,0.60586,0.49514,1.34377,0.99372,1,0.995,0.88727,0.52299,0.4166,1.44637,0.0017327,0.0017327,0.0017327
29,45.9132,0.56302,0.48495,1.26236,0.99372,1,0.995,0.88727,0.52299,0.4166,1.44637,0.0017228,0.0017228,0.0017228
30,47.3397,0.58598,0.48811,1.32035,0.99769,0.99701,0.995,0.87421,0.55569,0.40955,1.3823,0.0017129,0.0017129,0.0017129
31,48.6437,0.58729,0.46145,1.283,0.99606,1,0.99497,0.88259,0.51954,0.39504,1.35249,0.001703,0.001703,0.001703
32,49.947,0.55661,0.45576,1.19031,0.99606,1,0.99497,0.88259,0.51954,0.39504,1.35249,0.0016931,0.0016931,0.0016931
33,51.2765,0.58315,0.4627,1.32863,0.99663,1,0.99494,0.87242,0.55757,0.41084,1.668,0.0016832,0.0016832,0.0016832
34,52.5591,0.57502,0.46075,1.28616,0.99663,1,0.99494,0.87242,0.55757,0.41084,1.668,0.0016733,0.0016733,0.0016733
35,53.8603,0.51569,0.43749,1.25567,0.99701,0.99982,0.99494,0.88871,0.50708,0.3938,1.61615,0.0016634,0.0016634,0.0016634
36,55.2926,0.51133,0.44491,1.31212,0.99701,0.99932,0.99494,0.87825,0.56858,0.42694,1.33779,0.0016535,0.0016535,0.0016535
37,56.605,0.58614,0.46917,1.34159,0.99701,0.99932,0.99494,0.87825,0.56858,0.42694,1.33779,0.0016436,0.0016436,0.0016436
38,57.9336,0.55366,0.44717,1.25882,0.99676,1,0.99482,0.88126,0.55611,0.42144,1.29238,0.0016337,0.0016337,0.0016337
39,59.2366,0.57232,0.46154,1.30017,0.997,0.99701,0.99485,0.87932,0.51752,0.38368,1.44539,0.0016238,0.0016238,0.0016238
40,60.5457,0.52108,0.41842,1.31646,0.997,0.99701,0.99485,0.87932,0.51752,0.38368,1.44539,0.0016139,0.0016139,0.0016139
41,61.8472,0.49004,0.40768,1.2876,0.99335,0.99701,0.995,0.87226,0.51021,0.37659,1.74938,0.001604,0.001604,0.001604
42,63.1454,0.51433,0.39833,1.34584,0.99335,0.99701,0.995,0.87226,0.51021,0.37659,1.74938,0.0015941,0.0015941,0.0015941
43,64.4501,0.46452,0.38173,1.25622,0.9937,0.99701,0.99497,0.88571,0.48097,0.36657,1.59222,0.0015842,0.0015842,0.0015842
44,65.7794,0.49457,0.39459,1.28298,0.99525,1,0.995,0.89028,0.48059,0.35123,1.47282,0.0015743,0.0015743,0.0015743
45,67.1996,0.49041,0.39606,1.26804,0.99525,1,0.995,0.89028,0.48059,0.35123,1.47282,0.0015644,0.0015644,0.0015644
46,68.6368,0.50023,0.40098,1.23567,0.99943,1,0.995,0.89065,0.49275,0.35389,1.59169,0.0015545,0.0015545,0.0015545
47,70.0829,0.48131,0.38986,1.20442,0.99969,1,0.995,0.878,0.53339,0.34989,1.86517,0.0015446,0.0015446,0.0015446
48,71.3951,0.51326,0.39155,1.27297,0.99969,1,0.995,0.878,0.53339,0.34989,1.86517,0.0015347,0.0015347,0.0015347
49,72.69,0.508,0.4116,1.35453,0.99679,1,0.995,0.8867,0.49348,0.34183,1.70131,0.0015248,0.0015248,0.0015248
50,73.9802,0.45893,0.36647,1.2572,0.99679,1,0.995,0.8867,0.49348,0.34183,1.70131,0.0015149,0.0015149,0.0015149
51,75.2807,0.48171,0.38759,1.25644,0.99672,1,0.99431,0.87848,0.50077,0.34768,1.37769,0.001505,0.001505,0.001505
52,76.5816,0.48649,0.38715,1.33166,0.99645,1,0.99437,0.87086,0.52587,0.36292,1.29153,0.0014951,0.0014951,0.0014951
53,77.8883,0.49144,0.38728,1.20452,0.99645,1,0.99437,0.87086,0.52587,0.36292,1.29153,0.0014852,0.0014852,0.0014852
54,79.2868,0.48403,0.38528,1.26081,0.99643,1,0.99479,0.88073,0.49799,0.34276,1.31704,0.0014753,0.0014753,0.0014753
55,80.5866,0.48225,0.39076,1.24979,0.99824,1,0.995,0.89137,0.48098,0.34172,1.38735,0.0014654,0.0014654,0.0014654
56,82.0267,0.44374,0.3587,1.28527,0.99824,1,0.995,0.89137,0.48098,0.34172,1.38735,0.0014555,0.0014555,0.0014555
57,83.4981,0.448,0.35905,1.23139,0.99977,1,0.995,0.89331,0.47952,0.33203,1.30552,0.0014456,0.0014456,0.0014456
58,84.9176,0.45228,0.3503,1.19032,0.99977,1,0.995,0.89331,0.47952,0.33203,1.30552,0.0014357,0.0014357,0.0014357
59,86.3691,0.46824,0.35636,1.21439,0.99701,0.99994,0.995,0.89074,0.50436,0.33281,1.29659,0.0014258,0.0014258,0.0014258
60,87.6646,0.45898,0.35404,1.21189,0.99937,1,0.995,0.89268,0.49579,0.33512,1.29944,0.0014159,0.0014159,0.0014159
61,88.9795,0.45207,0.35031,1.18256,0.99937,1,0.995,0.89268,0.49579,0.33512,1.29944,0.001406,0.001406,0.001406
62,90.2808,0.45099,0.34893,1.24278,1,0.99449,0.995,0.89811,0.48668,0.326,1.32291,0.0013961,0.0013961,0.0013961
63,91.7043,0.43507,0.34472,1.2456,0.99701,0.99982,0.995,0.88664,0.50326,0.32422,1.3256,0.0013862,0.0013862,0.0013862
64,92.9984,0.47045,0.35837,1.24797,0.99701,0.99982,0.995,0.88664,0.50326,0.32422,1.3256,0.0013763,0.0013763,0.0013763
65,94.2983,0.45873,0.35093,1.25064,0.99648,0.99701,0.995,0.89915,0.46209,0.31784,1.33666,0.0013664,0.0013664,0.0013664
66,95.7433,0.43188,0.33135,1.23942,0.99648,0.99701,0.995,0.89915,0.46209,0.31784,1.33666,0.0013565,0.0013565,0.0013565
67,97.1951,0.45199,0.35669,1.32242,0.99101,1,0.995,0.90032,0.46249,0.31975,1.38485,0.0013466,0.0013466,0.0013466
68,98.631,0.44795,0.35774,1.22942,0.99701,0.99989,0.995,0.90378,0.4728,0.31504,1.41151,0.0013367,0.0013367,0.0013367
69,100.054,0.44378,0.34658,1.2425,0.99701,0.99989,0.995,0.90378,0.4728,0.31504,1.41151,0.0013268,0.0013268,0.0013268
70,101.487,0.44495,0.34652,1.25626,0.99691,1,0.995,0.90202,0.46297,0.30749,1.37197,0.0013169,0.0013169,0.0013169
71,102.788,0.43609,0.32783,1.19446,0.99693,1,0.995,0.90334,0.45157,0.30099,1.49504,0.001307,0.001307,0.001307
72,104.086,0.4213,0.32629,1.16877,0.99693,1,0.995,0.90334,0.45157,0.30099,1.49504,0.0012971,0.0012971,0.0012971
73,105.419,0.43561,0.33466,1.30688,0.99971,1,0.995,0.89846,0.45364,0.29845,1.62864,0.0012872,0.0012872,0.0012872
74,106.712,0.43139,0.33196,1.27248,0.99971,1,0.995,0.89846,0.45364,0.29845,1.62864,0.0012773,0.0012773,0.0012773
75,108.032,0.43144,0.32295,1.22455,0.99979,1,0.995,0.89453,0.4684,0.30759,1.44589,0.0012674,0.0012674,0.0012674
76,109.334,0.45284,0.33828,1.23047,0.99701,0.99959,0.995,0.89454,0.47877,0.31314,1.41096,0.0012575,0.0012575,0.0012575
77,110.629,0.43957,0.34062,1.26908,0.99701,0.99959,0.995,0.89454,0.47877,0.31314,1.41096,0.0012476,0.0012476,0.0012476
78,111.931,0.45061,0.34686,1.23667,0.99876,1,0.995,0.89318,0.48621,0.30319,1.45467,0.0012377,0.0012377,0.0012377
79,113.238,0.43086,0.32994,1.24033,0.99912,1,0.995,0.89912,0.47352,0.28499,1.64623,0.0012278,0.0012278,0.0012278
80,114.544,0.42506,0.31728,1.31943,0.99912,1,0.995,0.89912,0.47352,0.28499,1.64623,0.0012179,0.0012179,0.0012179
81,115.851,0.43887,0.32477,1.25728,0.99933,1,0.995,0.90059,0.46979,0.28471,1.64495,0.001208,0.001208,0.001208
82,117.147,0.41691,0.3113,1.16243,0.99933,1,0.995,0.90059,0.46979,0.28471,1.64495,0.0011981,0.0011981,0.0011981
83,118.44,0.43004,0.32306,1.24779,0.99973,1,0.995,0.8917,0.47636,0.29539,1.57643,0.0011882,0.0011882,0.0011882
84,119.741,0.40744,0.30571,1.19375,0.99975,1,0.995,0.89853,0.46312,0.29165,1.40055,0.0011783,0.0011783,0.0011783
85,121.06,0.41642,0.31757,1.2408,0.99975,1,0.995,0.89853,0.46312,0.29165,1.40055,0.0011684,0.0011684,0.0011684
86,122.361,0.41869,0.32245,1.16457,0.99976,1,0.995,0.89797,0.45636,0.29129,1.33515,0.0011585,0.0011585,0.0011585
87,123.658,0.40843,0.31697,1.16001,0.99973,1,0.995,0.89749,0.46944,0.29713,1.41509,0.0011486,0.0011486,0.0011486
88,124.959,0.41042,0.32144,1.25899,0.99973,1,0.995,0.89749,0.46944,0.29713,1.41509,0.0011387,0.0011387,0.0011387
89,126.266,0.39025,0.30965,1.17659,0.99936,1,0.995,0.89665,0.46318,0.28759,1.53919,0.0011288,0.0011288,0.0011288
90,127.56,0.40597,0.31388,1.21501,0.99936,1,0.995,0.89665,0.46318,0.28759,1.53919,0.0011189,0.0011189,0.0011189
91,128.866,0.40305,0.31082,1.23542,0.99926,1,0.995,0.90375,0.44761,0.27862,1.51776,0.001109,0.001109,0.001109
92,130.17,0.38817,0.29402,1.16052,0.99928,1,0.995,0.90408,0.46525,0.28131,1.36238,0.0010991,0.0010991,0.0010991
93,131.592,0.41509,0.29707,1.13075,0.99928,1,0.995,0.90408,0.46525,0.28131,1.36238,0.0010892,0.0010892,0.0010892
94,133.058,0.41579,0.31058,1.19264,0.9987,1,0.995,0.9098,0.45048,0.27704,1.35668,0.0010793,0.0010793,0.0010793
95,134.528,0.38745,0.28668,1.115,0.99791,1,0.995,0.90487,0.45139,0.28509,1.44831,0.0010694,0.0010694,0.0010694
96,135.837,0.39121,0.29958,1.22928,0.99791,1,0.995,0.90487,0.45139,0.28509,1.44831,0.0010595,0.0010595,0.0010595
97,137.142,0.38739,0.30113,1.20862,0.99898,1,0.995,0.91128,0.43763,0.27959,1.44787,0.0010496,0.0010496,0.0010496
98,138.57,0.38675,0.30717,1.21529,0.99898,1,0.995,0.91128,0.43763,0.27959,1.44787,0.0010397,0.0010397,0.0010397
99,140.032,0.42104,0.31084,1.19039,0.99976,1,0.995,0.8949,0.47338,0.28346,1.39212,0.0010298,0.0010298,0.0010298
100,141.34,0.41669,0.30351,1.19651,0.99975,1,0.995,0.89967,0.47168,0.28814,1.33175,0.0010199,0.0010199,0.0010199
101,142.632,0.42788,0.30681,1.17138,0.99975,1,0.995,0.89967,0.47168,0.28814,1.33175,0.00101,0.00101,0.00101
102,143.943,0.39839,0.29852,1.20978,0.99962,1,0.995,0.90929,0.45908,0.29505,1.34905,0.0010001,0.0010001,0.0010001
103,145.241,0.3832,0.29257,1.16002,0.99955,1,0.995,0.90136,0.48089,0.30163,1.38004,0.0009902,0.0009902,0.0009902
104,146.571,0.41544,0.31095,1.19969,0.99955,1,0.995,0.90136,0.48089,0.30163,1.38004,0.0009803,0.0009803,0.0009803
105,147.874,0.39209,0.29511,1.19565,0.99947,1,0.995,0.90766,0.46404,0.29094,1.38477,0.0009704,0.0009704,0.0009704
106,149.168,0.3914,0.30392,1.25521,0.99947,1,0.995,0.90766,0.46404,0.29094,1.38477,0.0009605,0.0009605,0.0009605
107,150.464,0.39314,0.30481,1.23878,0.99955,1,0.995,0.90587,0.45696,0.28591,1.37987,0.0009506,0.0009506,0.0009506
108,151.77,0.39611,0.30087,1.15812,0.99953,1,0.995,0.90957,0.45957,0.28266,1.37564,0.0009407,0.0009407,0.0009407
109,153.068,0.37353,0.28873,1.20371,0.99953,1,0.995,0.90957,0.45957,0.28266,1.37564,0.0009308,0.0009308,0.0009308
110,154.398,0.3829,0.30144,1.20502,0.99917,1,0.995,0.91248,0.44965,0.28014,1.35548,0.0009209,0.0009209,0.0009209
111,155.841,0.37094,0.30042,1.18586,0.9996,1,0.995,0.90931,0.45884,0.28072,1.35258,0.000911,0.000911,0.000911
112,157.147,0.35656,0.28055,1.17296,0.9996,1,0.995,0.90931,0.45884,0.28072,1.35258,0.0009011,0.0009011,0.0009011
113,158.454,0.37181,0.2924,1.19072,0.99969,1,0.995,0.91026,0.45531,0.27609,1.38491,0.0008912,0.0008912,0.0008912
114,159.747,0.35612,0.27647,1.23786,0.99969,1,0.995,0.91026,0.45531,0.27609,1.38491,0.0008813,0.0008813,0.0008813
115,161.053,0.36987,0.28587,1.17018,0.99974,1,0.995,0.91664,0.43828,0.26923,1.39106,0.0008714,0.0008714,0.0008714
116,162.505,0.38036,0.2942,1.2401,0.99966,1,0.995,0.91285,0.44289,0.27151,1.41487,0.0008615,0.0008615,0.0008615
117,163.817,0.36715,0.28212,1.14971,0.99966,1,0.995,0.91285,0.44289,0.27151,1.41487,0.0008516,0.0008516,0.0008516
118,165.119,0.36915,0.28417,1.19876,0.99973,1,0.995,0.91824,0.44014,0.27289,1.45791,0.0008417,0.0008417,0.0008417
119,166.574,0.36107,0.27791,1.14625,0.99968,1,0.995,0.91565,0.43796,0.27381,1.45246,0.0008318,0.0008318,0.0008318
120,167.88,0.34633,0.26887,1.15333,0.99968,1,0.995,0.91565,0.43796,0.27381,1.45246,0.0008219,0.0008219,0.0008219
121,169.184,0.36581,0.28171,1.22998,0.99967,1,0.995,0.90624,0.46816,0.2719,1.41692,0.000812,0.000812,0.000812
122,170.492,0.3676,0.27442,1.15988,0.99967,1,0.995,0.90624,0.46816,0.2719,1.41692,0.0008021,0.0008021,0.0008021
123,171.79,0.35861,0.26731,1.10868,0.99967,1,0.995,0.90512,0.46431,0.27589,1.36726,0.0007922,0.0007922,0.0007922
124,173.092,0.36245,0.27797,1.15269,0.99978,1,0.995,0.9106,0.45836,0.27918,1.42236,0.0007823,0.0007823,0.0007823
125,174.384,0.37105,0.28658,1.22288,0.99978,1,0.995,0.9106,0.45836,0.27918,1.42236,0.0007724,0.0007724,0.0007724
126,175.684,0.36052,0.28293,1.1668,0.99984,1,0.995,0.90638,0.45947,0.27551,1.45222,0.0007625,0.0007625,0.0007625
127,176.98,0.37337,0.29798,1.17577,0.99983,1,0.995,0.89204,0.48101,0.26809,1.44918,0.0007526,0.0007526,0.0007526
128,178.286,0.37005,0.27823,1.16507,0.99983,1,0.995,0.89204,0.48101,0.26809,1.44918,0.0007427,0.0007427,0.0007427
129,179.594,0.36917,0.27714,1.17516,0.9998,1,0.995,0.90334,0.45739,0.25991,1.4565,0.0007328,0.0007328,0.0007328
130,180.884,0.3704,0.28347,1.20886,0.9998,1,0.995,0.90334,0.45739,0.25991,1.4565,0.0007229,0.0007229,0.0007229
131,182.177,0.33335,0.27136,1.21724,0.99982,1,0.995,0.91153,0.43811,0.25312,1.45708,0.000713,0.000713,0.000713
132,183.482,0.35136,0.27609,1.15595,0.99978,1,0.995,0.90887,0.44762,0.25537,1.42651,0.0007031,0.0007031,0.0007031
133,184.776,0.33666,0.26792,1.19628,0.99978,1,0.995,0.90887,0.44762,0.25537,1.42651,0.0006932,0.0006932,0.0006932
134,186.079,0.35715,0.27501,1.23738,0.99971,1,0.995,0.91032,0.44436,0.26026,1.49189,0.0006833,0.0006833,0.0006833
135,187.37,0.35904,0.27338,1.18576,0.9995,1,0.995,0.90829,0.43769,0.25828,1.44659,0.0006734,0.0006734,0.0006734
136,188.675,0.34093,0.27065,1.15263,0.9995,1,0.995,0.90829,0.43769,0.25828,1.44659,0.0006635,0.0006635,0.0006635
137,189.973,0.32903,0.26003,1.15361,0.9968,1,0.995,0.90441,0.44019,0.25926,1.4086,0.0006536,0.0006536,0.0006536
138,191.268,0.32787,0.25505,1.15791,0.9968,1,0.995,0.90441,0.44019,0.25926,1.4086,0.0006437,0.0006437,0.0006437
139,192.568,0.3365,0.26631,1.19422,0.99679,1,0.995,0.90818,0.4385,0.25779,1.40002,0.0006338,0.0006338,0.0006338
140,193.871,0.33778,0.25932,1.14053,1,0.99923,0.995,0.90631,0.44142,0.25716,1.3874,0.0006239,0.0006239,0.0006239
141,195.252,0.35306,0.26816,1.18908,1,0.99923,0.995,0.90631,0.44142,0.25716,1.3874,0.000614,0.000614,0.000614
142,196.598,0.33316,0.25531,1.15069,0.99633,1,0.99369,0.90573,0.43574,0.25602,1.46042,0.0006041,0.0006041,0.0006041
143,197.903,0.32765,0.25861,1.14526,0.99947,1,0.995,0.90671,0.43524,0.25674,1.43831,0.0005942,0.0005942,0.0005942
144,199.207,0.33045,0.26122,1.18914,0.99947,1,0.995,0.90671,0.43524,0.25674,1.43831,0.0005843,0.0005843,0.0005843
145,200.507,0.32929,0.26008,1.15028,0.99962,1,0.995,0.91417,0.4321,0.25423,1.37616,0.0005744,0.0005744,0.0005744
146,201.799,0.32316,0.26222,1.14125,0.99962,1,0.995,0.91417,0.4321,0.25423,1.37616,0.0005645,0.0005645,0.0005645
147,203.105,0.32781,0.2533,1.13978,0.99661,1,0.99378,0.9089,0.44444,0.25267,1.37225,0.0005546,0.0005546,0.0005546
148,204.407,0.33793,0.26099,1.1348,0.99974,1,0.995,0.91454,0.44794,0.25474,1.41242,0.0005447,0.0005447,0.0005447
149,205.7,0.32453,0.25379,1.10914,0.99974,1,0.995,0.91454,0.44794,0.25474,1.41242,0.0005348,0.0005348,0.0005348
150,207.008,0.33215,0.26287,1.19276,0.99959,1,0.995,0.91748,0.4373,0.25264,1.49327,0.0005249,0.0005249,0.0005249
151,208.312,0.32586,0.25573,1.16333,0.99973,1,0.995,0.91744,0.43622,0.24739,1.53801,0.000515,0.000515,0.000515
152,209.618,0.31968,0.2504,1.26099,0.99973,1,0.995,0.91744,0.43622,0.24739,1.53801,0.0005051,0.0005051,0.0005051
153,210.917,0.33168,0.25313,1.14298,0.99974,1,0.995,0.91719,0.43472,0.24554,1.49104,0.0004952,0.0004952,0.0004952
154,212.225,0.32803,0.25622,1.16316,0.99974,1,0.995,0.91719,0.43472,0.24554,1.49104,0.0004853,0.0004853,0.0004853
155,213.528,0.31236,0.24025,1.13333,0.99975,1,0.995,0.91233,0.44061,0.24569,1.44795,0.0004754,0.0004754,0.0004754
156,214.83,0.31118,0.24884,1.11423,0.9998,1,0.995,0.91427,0.44558,0.24769,1.46908,0.0004655,0.0004655,0.0004655
157,216.125,0.32086,0.24446,1.19132,0.9998,1,0.995,0.91427,0.44558,0.24769,1.46908,0.0004556,0.0004556,0.0004556
158,217.439,0.31833,0.25392,1.12753,0.99981,1,0.995,0.91147,0.44574,0.25372,1.4619,0.0004457,0.0004457,0.0004457
159,218.744,0.31566,0.25404,1.18743,0.9998,1,0.995,0.91246,0.44127,0.25513,1.44397,0.0004358,0.0004358,0.0004358
160,220.049,0.30654,0.24726,1.11762,0.9998,1,0.995,0.91246,0.44127,0.25513,1.44397,0.0004259,0.0004259,0.0004259
161,221.355,0.31421,0.25304,1.13434,0.9998,1,0.995,0.91415,0.44091,0.25355,1.43764,0.000416,0.000416,0.000416
162,222.646,0.32226,0.25592,1.11595,0.9998,1,0.995,0.91415,0.44091,0.25355,1.43764,0.0004061,0.0004061,0.0004061
163,223.956,0.31054,0.24399,1.11548,0.99977,1,0.995,0.91449,0.44258,0.25177,1.45405,0.0003962,0.0003962,0.0003962
164,225.258,0.30869,0.24471,1.08365,0.99969,1,0.995,0.91324,0.44379,0.24923,1.46932,0.0003863,0.0003863,0.0003863
165,226.55,0.2966,0.24476,1.13424,0.99969,1,0.995,0.91324,0.44379,0.24923,1.46932,0.0003764,0.0003764,0.0003764
166,227.855,0.31062,0.24601,1.14336,0.9996,1,0.995,0.91771,0.44328,0.24816,1.45644,0.0003665,0.0003665,0.0003665
167,229.158,0.31649,0.24914,1.17452,0.99947,1,0.995,0.91656,0.43576,0.24279,1.45294,0.0003566,0.0003566,0.0003566
168,230.464,0.31959,0.25134,1.10253,0.99947,1,0.995,0.91656,0.43576,0.24279,1.45294,0.0003467,0.0003467,0.0003467
169,231.758,0.31158,0.24538,1.09874,0.99955,1,0.995,0.92035,0.43629,0.24101,1.46748,0.0003368,0.0003368,0.0003368
170,233.199,0.31171,0.2546,1.24113,0.99955,1,0.995,0.92035,0.43629,0.24101,1.46748,0.0003269,0.0003269,0.0003269
171,234.642,0.31359,0.25318,1.18926,0.99962,1,0.995,0.92425,0.43728,0.24054,1.4432,0.000317,0.000317,0.000317
172,236.107,0.31216,0.24686,1.16127,0.99967,1,0.995,0.92454,0.43556,0.24023,1.4274,0.0003071,0.0003071,0.0003071
173,237.547,0.29569,0.23661,1.10113,0.99967,1,0.995,0.92454,0.43556,0.24023,1.4274,0.0002972,0.0002972,0.0002972
174,239.001,0.29885,0.23697,1.13434,0.99974,1,0.995,0.92345,0.43311,0.24093,1.46115,0.0002873,0.0002873,0.0002873
175,240.328,0.28623,0.23471,1.16311,0.99978,1,0.995,0.92122,0.4314,0.23984,1.47412,0.0002774,0.0002774,0.0002774
176,241.7,0.29168,0.23498,1.09417,0.99978,1,0.995,0.92122,0.4314,0.23984,1.47412,0.0002675,0.0002675,0.0002675
177,243,0.30168,0.24385,1.16577,0.9998,1,0.995,0.92044,0.43098,0.23786,1.45821,0.0002576,0.0002576,0.0002576
178,244.301,0.30522,0.24107,1.1547,0.9998,1,0.995,0.92044,0.43098,0.23786,1.45821,0.0002477,0.0002477,0.0002477
179,245.605,0.30884,0.24607,1.13935,0.99981,1,0.995,0.91661,0.42933,0.23596,1.44747,0.0002378,0.0002378,0.0002378
180,246.911,0.29666,0.24036,1.11643,0.99982,1,0.995,0.9182,0.42829,0.23555,1.4454,0.0002279,0.0002279,0.0002279
181,248.228,0.28073,0.22948,1.15785,0.99982,1,0.995,0.9182,0.42829,0.23555,1.4454,0.000218,0.000218,0.000218
182,249.528,0.28715,0.23392,1.17441,0.99982,1,0.995,0.91772,0.42909,0.23398,1.47846,0.0002081,0.0002081,0.0002081
183,250.832,0.28712,0.23001,1.10962,0.99983,1,0.995,0.91886,0.4311,0.23541,1.46755,0.0001982,0.0001982,0.0001982
184,252.141,0.27775,0.22986,1.15175,0.99983,1,0.995,0.91886,0.4311,0.23541,1.46755,0.0001883,0.0001883,0.0001883
185,253.447,0.28993,0.22958,1.11008,0.99983,1,0.995,0.9158,0.43289,0.23774,1.47025,0.0001784,0.0001784,0.0001784
186,254.737,0.28816,0.23416,1.13643,0.99983,1,0.995,0.9158,0.43289,0.23774,1.47025,0.0001685,0.0001685,0.0001685
187,256.067,0.29188,0.24313,1.18687,0.99983,1,0.995,0.91719,0.4348,0.24045,1.44907,0.0001586,0.0001586,0.0001586
188,257.364,0.29825,0.23351,1.10441,0.99983,1,0.995,0.91615,0.43486,0.24043,1.41097,0.0001487,0.0001487,0.0001487
189,258.66,0.29736,0.24164,1.12819,0.99983,1,0.995,0.91615,0.43486,0.24043,1.41097,0.0001388,0.0001388,0.0001388
190,259.963,0.29196,0.24092,1.15545,0.99982,1,0.995,0.91565,0.43409,0.24204,1.39469,0.0001289,0.0001289,0.0001289
191,262.026,0.29485,0.23343,1.09841,0.99982,1,0.995,0.91719,0.4347,0.24121,1.3977,0.000119,0.000119,0.000119
192,263.45,0.28341,0.23736,1.15523,0.99982,1,0.995,0.91719,0.4347,0.24121,1.3977,0.0001091,0.0001091,0.0001091
193,264.775,0.29731,0.24541,1.12326,0.99981,1,0.995,0.9171,0.43344,0.23973,1.41214,9.92e-05,9.92e-05,9.92e-05
194,266.068,0.28617,0.23147,1.1019,0.99981,1,0.995,0.9171,0.43344,0.23973,1.41214,8.93e-05,8.93e-05,8.93e-05
195,267.366,0.27557,0.2285,1.14926,0.99981,1,0.995,0.91841,0.43387,0.23783,1.42133,7.94e-05,7.94e-05,7.94e-05
196,268.661,0.28683,0.23267,1.14426,0.99982,1,0.995,0.91781,0.4328,0.23791,1.42836,6.95e-05,6.95e-05,6.95e-05
197,269.954,0.27514,0.22002,1.08204,0.99982,1,0.995,0.91781,0.4328,0.23791,1.42836,5.96e-05,5.96e-05,5.96e-05
198,271.255,0.28041,0.22593,1.12548,0.99982,1,0.995,0.91883,0.43227,0.23656,1.42961,4.97e-05,4.97e-05,4.97e-05
199,272.583,0.27506,0.22889,1.12095,0.99982,1,0.995,0.91823,0.43212,0.23689,1.43362,3.98e-05,3.98e-05,3.98e-05
200,273.891,0.28563,0.23835,1.15517,0.99982,1,0.995,0.91823,0.43212,0.23689,1.43362,2.99e-05,2.99e-05,2.99e-05
